insert into dbo.Especialidad values ('Oftalmologo General')
insert into dbo.Especialidad values ('Oftalmologo Quirurgico')
insert into dbo.Especialidad values ('Oftalmologo Practica Ambulatoria')
insert into dbo.Especialidad values ('Administrativo')


insert into dbo.Usuario values ('35234123','dni','dmoretti','123abc','Damian','Moretti','',0)
insert into dbo.Usuario values ('32599439','dni','rperalta','123abc','Rodrigo','Peralta','',0)
insert into dbo.Usuario values ('30489590','dni','mcastro','123abc','Mauro','Castro','',0)
insert into dbo.Usuario values ('31984875','dni','ldaunis','123abc','Laura','Daunis','',0)
insert into dbo.Usuario values ('36928036','dni','mburgos','123abc','Marco','Burgos','',0)
insert into dbo.Usuario values ('40985859','dni','sgomez','123abc','Sofia','Gomez','',0)
insert into dbo.Usuario values ('00000000','dni','admin','123abc','admin','admin','',0)

insert into dbo.Usuario_Especialidad values (4,'40985859','dni')
insert into dbo.Usuario_Especialidad values (1,'36928036','dni')
insert into dbo.Usuario_Especialidad values (3,'31984875','dni')
insert into dbo.Usuario_Especialidad values (3,'30489590','dni')
insert into dbo.Usuario_Especialidad values (2,'32599439','dni')
insert into dbo.Usuario_Especialidad values (1,'35234123','dni')
insert into dbo.Usuario_Especialidad values (1,'00000000','dni')
insert into dbo.Usuario_Especialidad values (2,'00000000','dni')
insert into dbo.Usuario_Especialidad values (3,'00000000','dni')
insert into dbo.Usuario_Especialidad values (4,'00000000','dni')


insert into dbo.ObraSocial values ('Osecac')
insert into dbo.ObraSocial values ('Osplad')
insert into dbo.ObraSocial values ('UOM')
insert into dbo.ObraSocial values ('PAMI')


insert into dbo.Paciente values ('22459884','dni','m','Gonzalo','Higuan','153039389','43456332','19840423','',28)
insert into dbo.Paciente values ('20355893','dni','m','Javier','Mascherano','159385938','5948943','19820713','',30)
insert into dbo.Paciente values ('30549865','dni','m','Leonel','Messi','523462344','1231256','19871112','',28)
insert into dbo.Paciente values ('18938389','dni','f','Josefina','Gonzalez','153039389','43456332','19840423','',37)


insert into dbo.ObraSocial_Paciente values (1,'22459884','dni',32144323)
insert into dbo.ObraSocial_Paciente values (2,'20355893','dni',12325434)
insert into dbo.ObraSocial_Paciente values (3,'30549865','dni',76345222)
insert into dbo.ObraSocial_Paciente values (3,'18938389','dni',34343521)
insert into dbo.ObraSocial_Paciente values (4,'30549865','dni',76385290)
insert into dbo.ObraSocial_Paciente values (4,'18938389','dni',34543221)


insert into dbo.Prestacion values ('PA - CURVA TENSIONAL OCULAR CON REPOSO MATINAL')
insert into dbo.Prestacion values ('PA - TEST OJO SECO SCHIMER, ROSA DE BENGALA')
insert into dbo.Prestacion values ('PA - ECOGRAFIA UNI O BILATERAL')
insert into dbo.Prestacion values ('PA - ESTIMULACION VISUAL')
insert into dbo.Prestacion values ('PA - EJERCICIO ORTOPTICO CINCO SESIONES')
insert into dbo.Prestacion values ('PA - CURVA TENSIONAL OCULAR')
insert into dbo.Prestacion values ('PQ - CAMPIMETRIA COMPUT.BILATERAL (CAMPO VISUAL)')
insert into dbo.Prestacion values ('PQ - INYECCION INTRAVITREA EN QUIROFANO')
insert into dbo.Prestacion values ('PQ - DESCOMPRESION DE ORBITA ')
insert into dbo.Prestacion values ('PQ - NEUROTOMIA DEL NERVIO OPTICO')
insert into dbo.Prestacion values ('PQ - ENUCLEACION O AVISCERACION DEL BLOGO OCULAR')
insert into dbo.Prestacion values ('PQ - EXCENTERACCION ORBITARIA')
insert into dbo.Prestacion values ('PQ - BLEFARORRAFAIA PARCIAL O TOTAL')
insert into dbo.Prestacion values ('PQ - ESCISION DE LESION DE PARPADOS,BLEFARECTOMIA BIOPSIA- CHALAZION QUISTE')
insert into dbo.Prestacion values ('CG - CONSULTA GENERAL')



insert into dbo.Prestador values (1,1,'mcastro')
insert into dbo.Prestador values (2,2,'rperalta')
insert into dbo.Prestador values (3,3,'rperalta')
insert into dbo.Prestador values (4,4,'dmoretti')
insert into dbo.Prestador values (1,1,'rperalta')


insert into dbo.Nomenclador values (120,1,1)
insert into dbo.Nomenclador values (5000,2,1)
insert into dbo.Nomenclador values (10000,3,1)
insert into dbo.Nomenclador values (80,4,1)
insert into dbo.Nomenclador values (15000,5,1)
insert into dbo.Nomenclador values (1200,6,1)
insert into dbo.Nomenclador values (400,7,1)
insert into dbo.Nomenclador values (600,8,1)
insert into dbo.Nomenclador values (433,9,1)
insert into dbo.Nomenclador values (215,10,1)
insert into dbo.Nomenclador values (3453,11,1)
insert into dbo.Nomenclador values (3451,12,1)
insert into dbo.Nomenclador values (5464,13,1)
insert into dbo.Nomenclador values (3455,14,1)


insert into dbo.Nomenclador values (140,1,2)
insert into dbo.Nomenclador values (5300,2,2)
insert into dbo.Nomenclador values (12000,3,2)
insert into dbo.Nomenclador values (180,4,2)
insert into dbo.Nomenclador values (12000,5,2)
insert into dbo.Nomenclador values (1400,6,2)
insert into dbo.Nomenclador values (600,7,2)
insert into dbo.Nomenclador values (400,8,2)
insert into dbo.Nomenclador values (733,9,2)
insert into dbo.Nomenclador values (315,10,2)
insert into dbo.Nomenclador values (3753,11,2)
insert into dbo.Nomenclador values (3851,12,2)
insert into dbo.Nomenclador values (4464,13,2)
insert into dbo.Nomenclador values (7455,14,2)

insert into dbo.Nomenclador values (160,1,3)
insert into dbo.Nomenclador values (5350,2,3)
insert into dbo.Nomenclador values (13500,3,3)
insert into dbo.Nomenclador values (200,4,3)
insert into dbo.Nomenclador values (16084,5,3)
insert into dbo.Nomenclador values (1204,6,3)
insert into dbo.Nomenclador values (450,7,3)
insert into dbo.Nomenclador values (907,8,3)
insert into dbo.Nomenclador values (492,9,3)
insert into dbo.Nomenclador values (654,10,3)
insert into dbo.Nomenclador values (5643,11,3)
insert into dbo.Nomenclador values (6432,12,3)
insert into dbo.Nomenclador values (6457,13,3)
insert into dbo.Nomenclador values (8766,14,3)

insert into dbo.Nomenclador values (160,1,4)
insert into dbo.Nomenclador values (5350,2,4)
insert into dbo.Nomenclador values (13500,3,4)
insert into dbo.Nomenclador values (200,4,4)
insert into dbo.Nomenclador values (16084,5,4)
insert into dbo.Nomenclador values (1204,6,4)
insert into dbo.Nomenclador values (450,7,4)
insert into dbo.Nomenclador values (907,8,4)
insert into dbo.Nomenclador values (492,9,4)
insert into dbo.Nomenclador values (654,10,4)
insert into dbo.Nomenclador values (5643,11,4)
insert into dbo.Nomenclador values (6432,12,4)
insert into dbo.Nomenclador values (6457,13,4)
insert into dbo.Nomenclador values (8766,14,4)


insert into dbo.Consulta values (15,'dmoretti','Corte ojo izquierdo','N/A','Revision','Corte, sin daño permanente.','N/A')
insert into dbo.Consulta values (15,'mburgos','Inflamacion ojo derecho','hielo cada 2hs y 500mg analgesico','Consulta','N/A','Inflamacion')
insert into dbo.Consulta values (15,'dmoretti','Conjuntivitis','Medicacion correspondiente','Consulta','Conjuntivitis','N/A')
insert into dbo.Consulta values (15,'mburgos','Orzuelo','Inyeccion esteroides 10ml','Revision','Orzuelo 1mm','N/A')


insert into dbo.PracticaAmbulatoria values (3,'mcastro','Ambos','Fondo de Ojo')
insert into dbo.PracticaAmbulatoria values (2,'ldaunis','Ambos','Cataratas')
insert into dbo.PracticaAmbulatoria values (5,'mcastro','Derecho','Cirugia conducto lagrimal ojo derecho')
insert into dbo.PracticaAmbulatoria values (3,'ldaunis','Izquierdo','Cirugia camara posterior ojo izquierdo')
insert into dbo.PracticaAmbulatoria values (2,'ldaunis','Ambos','Cataratas')


insert into dbo.PracticaQuirurgica values (7,'rperalta','Izquierdo','Cirugia correctiva','Juan Perez','2014-06-12 12:12:22','2014-06-12 13:34:56','N/A')
insert into dbo.PracticaQuirurgica values (8,'rperalta','Derecho','Cirugia reconstructiva','Juan Perez','2014-06-19 12:00:05','2014-06-19 13:06:50','Local')
insert into dbo.PracticaQuirurgica values (9,'rperalta','Izquierdo','Cirugia correctiva','Juan Perez','2014-06-26 15:30:00','2014-06-26 16:15:11','N/A')
insert into dbo.PracticaQuirurgica values (10,'rperalta','Derecho','Cirugia oblicuo inferior','Juan Perez','2014-07-03 10:20:25','2014-07-03 12:22:12','Local')



insert into dbo.HCE values ('22459884','dni')
insert into dbo.HCE values ('20355893','dni')
insert into dbo.HCE values ('30549865','dni')
insert into dbo.HCE values ('18938389','dni')


insert into dbo.ItemHCE (idHCE, fecha, practica,idPracticaQuirurgica) values (1,'2014-06-13','PracticaQuirurgica',1)
insert into dbo.ItemHCE (idHCE, fecha, practica,idPracticaQuirurgica) values (2,'2014-06-20','PracticaQuirurgica',2)
insert into dbo.ItemHCE (idHCE, fecha, practica,idPracticaQuirurgica) values (3,'2014-06-26','PracticaQuirurgica',3)
insert into dbo.ItemHCE (idHCE, fecha, practica,idPracticaQuirurgica) values (4,'2014-07-04','PracticaQuirurgica',4)
insert into dbo.ItemHCE (idHCE, fecha, practica,idPracticaQuirurgica) values (3,'2013-06-26','PracticaQuirurgica',1)
insert into dbo.ItemHCE (idHCE, fecha, practica,idPracticaQuirurgica) values (4,'2013-07-04','PracticaQuirurgica',2)

insert into dbo.ItemHCE (idHCE, fecha, practica,idPracticaAmbulatoria) values (1,'2014-07-21','PracticaAmbulatoria',1)
insert into dbo.ItemHCE (idHCE, fecha, practica,idPracticaAmbulatoria) values (2,'2014-07-24','PracticaAmbulatoria',2)
insert into dbo.ItemHCE (idHCE, fecha, practica,idPracticaAmbulatoria) values (3,'2014-07-21','PracticaAmbulatoria',3)
insert into dbo.ItemHCE (idHCE, fecha, practica,idPracticaAmbulatoria) values (4,'2014-07-25','PracticaAmbulatoria',4)
insert into dbo.ItemHCE (idHCE, fecha, practica,idPracticaAmbulatoria) values (1,'2014-08-02','PracticaAmbulatoria',5)

insert into dbo.ItemHCE (idHCE, fecha, practica,idConsulta) values (1,'2014-07-13','Consulta',1)
insert into dbo.ItemHCE (idHCE, fecha, practica,idConsulta) values (2,'2014-07-15','Consulta',2)
insert into dbo.ItemHCE (idHCE, fecha, practica,idConsulta) values (3,'2014-07-22','Consulta',3)
insert into dbo.ItemHCE (idHCE, fecha, practica,idConsulta) values (4,'2014-07-22','Consulta',4)

